iter	Passed	Remaining
0	24	24409
1	47	23755
2	67	22469
3	94	23604
4	116	23129
5	147	24401
6	171	24386
7	194	24090
8	217	23907
9	240	23801
10	263	23651
11	287	23671
12	312	23698
13	335	23658
14	362	23825
15	383	23575
16	407	23587
17	427	23345
18	454	23459
19	478	23451
20	502	23446
21	531	23619
22	558	23707
23	584	23753
24	608	23720
25	631	23648
26	654	23597
27	678	23537
28	701	23484
29	723	23377
30	740	23137
31	771	23322
32	795	23303
33	819	23275
34	842	23231
35	866	23210
36	890	23166
37	918	23262
38	946	23319
39	971	23315
40	1001	23431
41	1022	23312
42	1048	23335
43	1069	23233
44	1088	23099
45	1110	23029
46	1132	22964
47	1154	22897
48	1178	22874
49	1196	22742
50	1224	22793
51	1249	22787
52	1275	22798
53	1291	22625
54	1312	22549
55	1337	22549
56	1367	22629
57	1393	22626
58	1420	22659
59	1446	22665
60	1468	22603661	1503	22741662	1533	22815663	1560	22822664	1585	22807665	1611	22800666	1639	22827667	1669	22883668	1692	22841669	1716	2280470	1790	23421
71	1818	23432
72	1838	23341
73	1859	23273
74	1888	23292
75	1911	23234
76	1932	23160
77	1959	23158
78	1980	23093
79	2004	23054
80	2025	22976
881	2003	22431882	2023	22356883	2046	22315884	2065	22237885	2088	22198886	2112	22170887	2145	22235888	2173	22248889	2195	22199990	2222	22204
91	2248	22196
92	2268	22126993	2291	22082994	2317	22079995	2338	22023996	2358	21952997	2383	21942998	2404	2188599	2469	22225
1100	2450	218081101	2483	218641102	2510	21865
103	2532	21816
104	2556	21794
105	2581	21772
106	2603	21731
107	2628	21712
108	2649	21656
109	2669	215951110	2691	215581111	2710	214871112	2731	214441113	2757	214281114	2779	213931115	2803	213611116	2828	213471117	2853	21328118	2894	21432
119	2920	21420
120	2944	21388
121	2966	21346
122	2992	21338
1123	3001	21205124	3040	21282
125	3069	21288
126	3090	21244
127	3119	21249
128	3144	21233
129	3174	21241
130	3202	21245
131	3226	21218
132	3252	21201
133	3293	21282
134	3323	21294
135	3345	21255
136	3378	21282
137	3401	21248
138	3424	21212
139	3450	21195
140	3480	21205
141	3507	21193
142	3532	21172
143	3556	21138
144	3581	21119
145	3600	21059
146	3623	21027
147	3643	20975
148	3672	20976
149	3702	20982
150	3734	20999
151	3770	21034
152	3796	21019
153	3826	21023
154	3847	20974
155	3874	20963
156	3900	20945
157	3924	20912
158	3944	20861
159	3969	20839
160	3988	20784
161	4001	20698
162	4021	20648
163	4043	20610
164	4065	20572
165	4091	20555
166	4112	20512
167	4137	20492
168	4162	20465
169	4181	20414
170	4197	20346
171	4220	20319
172	4252	20326
173	4275	20297
174	4300	20274
175	4325	20253
176	4351	20233
177	4374	20203
178	4395	20162
179	4416	20121
180	4440	20094
181	4474	20111
182	4506	20120
183	4531	20096
184	4551	20051
185	4574	20018
186	4594	19974
187	4620	19956
188	4648	19945
189	4672	19917
190	4695	19888
191	4725	19886
192	4753	19874
193	4782	19870
194	4807	19844
195	4830	19816
196	4857	19799
197	4873	19741
198	4900	19723
199	4924	19698
200	4952	19687
201	4976	19661
202	5000	19633
203	5023	19602
204	5052	19592
205	5081	19585
206	5101	19541
207	5126	19521
208	5152	19499
209	5171	19455
210	5193	19421
211	5218	19397
212	5237	19352
213	5259	19317
214	5282	19288
215	5303	19248
216	5319	19194
2217	5430	194812218	5460	194742219	5480	194312220	5498	193812221	5525	193642222	5547	193292223	5569	192222224	5594	192692225	5619	192432226	5645	192252227	5674	19212228	5607	18880
229	5632	18857
230	5654	18823
2231	5771	19105232	5747	18919
2233	5820	190522234	5846	190332235	5876	190242236	5902	190012237	5924	189692238	5949	189432239	5973	189152240	5991	188692241	6020	188582242	6039	188132243	6069	188052244	6091	187702245	6117	18749246	6094	18580
2247	6166	186972248	6193	186792249	6213	186392250	6237	186112251	6256	18571252	6233	18405
253	6259	18383
2254	6329	184912255	6354	184692256	6384	184562257	6408	18429258	6342	18144
259	6378	18155
260	6401	18124
261	6422	18091
262	6455	18090
263	6473	18046
264	6496	18018
265	6519	17988
266	6549	17981
267	6572	17952
268	6596	17925
269	6628	17920
270	6663	17925
271	6690	17908
272	6712	17876
273	6734	17845
274	6754	17806
275	6780	17786
276	6798	17744
277	6825	17726
278	6855	17716
279	6878	17687
280	6901	17658
281	6929	17642
282	6954	17619
283	6981	17602
284	7005	17575
285	7025	17538
286	7045	17502
287	7065	17467
288	7092	17449
289	7116	17423
290	7141	17398
291	7164	17372
292	7186	17340
293	7215	17326
294	7234	17288
295	7248	17238
2296	7377	174622297	7402	174382298	7424	174052299	7449	173833300	7476	173633301	7503	173423302	7524	17309303	7448	17052
304	7476	17037
305	7500	17011
306	7524	16985
307	7550	16963
308	7573	16935
309	7594	16904
310	7615	16872
3311	7746	17082312	7655	16801
3313	7789	17017314	7702	167431315	7728	16729
316	7749	16697
3317	7881	16903318	7796	16643
319	7827	16633
320	7850	16606
3321	7985	16814322	7899	16556
323	7924	16534
324	7946	16503
325	7969	16477
326	7998	16461
3327	8137	16672328	8055	16428
329	8074	16393
3330	8218	166093331	8237	16574332	8160	16345
3333	8305	165613334	8336	165483335	8366	16534336	8282	16294
337	8299	16255
338	8321	16226
339	8344	16197
3340	8492	164133341	8521	163943342	8540	163593343	8571	163443344	8597	163223345	8636	16324
346	8659	16295
347	8689	16280
348	8709	16246
349	8730	162133350	8749	161773351	8769	161443352	8800	161303353	8826	16107
354	8840	160623355	8861	160293356	8891	160153357	8913	159843358	8935	159543359	8960	15929360	8861	15685
3361	9007	158743362	9033	158513363	9058	158273364	9084	158043365	9112	15785
366	9140	15764
367	9157	15726
368	9178	15695
369	9202	15669
370	9234	15655
371	9255	15624
372	9276	155933373	9296	155613374	9320	155333375	9347	15513
376	9372	15487
377	9389	154503378	9422	15439
379	9450	15418
380	9471	15388
381	9504	15376
382	9524	15342
383	9549	15318
384	9574	15294
385	9602	15275
386	9619	15237
387	9649	15220
388	9677	15200
389	9701	15173
390	9722	15143
391	9753	15127
392	9783	15111
393	9818	15102
394	9860	15103
395	9890	15085
396	9919	15066
397	9947	15046
398	9970	15017
399	10005	15008
400	10042	15001
401	10078	14992
402	10100	14963
403	10122	14933
404	10145	14905
405	10164	14871
406	10188	14845
407	10204	14806
408	10226	14777
409	10259	14762
410	10283	14736
411	10309	14713
412	10332	14686
413	10355	14657
414	10373	14623
415	10394	14592
416	10417	14564
417	10435	14530
418	10455	14497
419	10481	14474
420	10499	14439
421	10523	14413
422	10554	14397
423	10583	14377
424	10613	14359
425	10631	14325
426	10655	14298
427	10676	14268
428	10695	14236
429	10719	14209
430	10747	14188
431	10774	14165
432	10794	14135
433	10823	14115
434	10836	14074
435	10860	14049
436	10884	14022
437	10910	13998
438	10929	13966
439	10957	13945
440	10441	10847	441	11442	10877	442	11443	10903	443	11444	10933	444	11445	10961	13616
446	10987	13593
447	11010	13566
448	11039	13547
449	11062	13521
450	11085	13493
451	11098	13456
452	11122	13429
453	11149	13408
454	11173	13383
455	11206	13369
456	11226	13338
457	11248	13311
458	11267	458	11459	11296	13261
460	11324	13240
461	11351	13218
462	11374	13192
463	11392	463	11464	11409	464	11465	11433	465	11594	13286
466	11627	13270
467	11468	11510	468	11670	13213
469	11693	13186
470	11722	13166
471	11744	13138
472	11473	11626	473	11474	11649	474	11475	11674	475	11476	11702	12830
477	11728	12808
478	11750	12781
479	11770	12751
480	11794	12726
481	11821	12703
482	11847	482	11483	11874	12659
484	11901	12637
485	11925	12612
486	11947	12585
487	11974	12563
488	11990	12530
489	12012	12502
490	12032	12473
491	12065	12457
492	12089	12432
493	12119	12413
494	12141	12386
495	12164	12360
496	12184	12331
497	12212	12310
498	12234	12283
499	12263	12263
500	12286	12237
501	12310	12212
502	12332	12185
503	12353	12157
504	12376	12131
505	12393	12099
506	12422	12079
507	12455	12062
508	12481	12040
509	12506	12016
510	12528	11989
511	12549	11961
512	12574	11937
513	12600	11913
514	12631	11896
515	12650	11866
516	12674	11840
517	12696	11813
518	12719	11788
519	12739	11759
520	12759	11731
521	12783	11706
522	12804	11677
523	12827	11652
524	12852	11628
525	12873	11600
526	12901	11579
527	12927	11556
528	12954	11534
529	12981	11511
530	13006	11488
531	13035	11467
532	13074	11455
533	13109	11440
534	13143	11423
535	13179	11409
536	13208	11388
537	13238	11368
538	13260	11341
539	13303	11332
540	13329	11309
541	13347	11278
542	13374	11256
543	13395	11228
544	13418	11202
545	13443	11178
546	13469	11154
547	13494	11130
548	13516	11103
549	13538	11077
550	13562	11052
551	13590	11029
552	13616	11006
553	13641	10981
554	13674	10964
555	13705	10944
556	13719	10911
557	13739	10883
558	13764	10858
559	13785	10831
560	13810	10806
561	13829	10778
562	13852	10752
563	13881	10731
564	13901	10703
565	13929	10681
566	13951	10654
567	13969	10624
568	13991	10597
569	14024	10579
570	14051	10556
571	14082	10536
572	14110	10515
573	14124	10482
574	14160	10466
575	14186	10443
576	14220	10425
577	14238	10395
578	14267	10374
579	14289	10347
580	14309	10319
581	14335	10295
582	14363	10273
583	14387	10248
584	14416	10227
585	14442	10203
586	14475	10184
587	14500	10160
588	14520	10132
589	14547	10109
590	14571	10084
591	14592	10056
592	14608	10026
593	14630	9999
594	14651	9973
595	14673	9946
596	14699	9922
597	14721	9896
598	14747	9872
599	14768	9845
600	14795	9822
601	14821	9798
602	14846	9774
603	14879	9755
604	14900	9728
605	14920	9701
606	14951	9680
607	14979	9658
608	15006	9634
609	15028	9608
610	15050	9582
611	15076	9558
612	15094	9529
613	15113	9501
614	15139	9477
615	15160	9450
616	15181	9423
617	15201	9396
618	15216	9365
619	15238	9339
620	15258	9312
621	15283	9288
622	15311	9265
623	15332	9238
624	15356	9213
625	15387	9192
626	15420	9173
627	15441	9147
628	15461	9119
629	15487	9095
630	15504	9066
631	15521	9038
632	15547	9014
633	15564	8985
634	15589	8960
635	15617	8938
636	15645	8915
637	15671	8891
638	15695	8866
639	15715	8840
640	15739	8814
641	15763	8790
642	15785	8764
643	15812	8741
644	15834	8715
645	15858	8690
646	15882	8665
647	15911	8643
648	15934	8617
649	15956	8591
650	15975	8564
651	16006	8543
652	16031	8519
653	16062	8498
654	16093	8476
655	16124	8455
656	16144	8428
657	16163	8401
658	16184	8374
659	16206	8348
660	16235	8326
661	16257	8300
662	16286	8278
663	16307	8252
664	16331	8227
665	16352	8200
666	16378	8177
667	16408	8154
668	16438	8133
669	16469	8111
670	16484	8082
671	16506	8056
672	16526	8030
673	16559	8009
674	16587	7986
675	16617	7964
676	16642	7940
677	16665	7915
678	16684	7887
679	16710	7863
680	16732	7837
681	16761	7815
682	16785	7790
683	16804	7763
684	16826	7737
685	16858	7716
686	16883	7692
687	16903	7665
688	16928	7640
689	16952	7616
690	16979	7592
691	17007	7569
692	17036	7547
693	17057	7521
694	17083	7497
695	17107	7472
696	17128	7446
697	17154	7422
698	17173	7395
699	17197	7370
700	17224	7346
701	17252	7323
702	17279	7300
703	17304	7275
704	17329	7251
705	17359	7229
706	17383	7204
707	17407	7179
708	17427	7153
709	17452	7128
710	17478	7104
711	17500	7078
712	17527	7055
713	17550	7029
714	17571	7004
715	17591	6977
716	17607	6949
717	17633	6925
718	17666	6904
719	17691	6879
720	17717	6855
721	17738	6830
722	17767	6807
723	17789	6781
724	17815	6757
725	17839	6732
726	17863	6708
727	17889	6683
728	17915	6659
729	17949	6638
730	17987	6619
731	18018	6596
732	18061	6578
733	18097	65733734	18148	6543
735	18172	6518
736	18194	6492
737	18222	6469
738	18245	6443
739	18263	6416
740	18279	63740741	18296	63741742	18313	63742743	18337	63743744	18360	62744	18585	6361
745	18606	6335
746	18628	6309
747	18651	6283
748749	18473	61749	18696	6232
750	18723	6207
751	18747	6182
752753	18572	60753	18794	6131
754	18815	6105
755756	18636	59756	18863	6055
757	18886	6029
758	18915	6006
759	18938	5980
760	18968	5957
761	18992	5932
762	19013	5905
763	19036	5880
764	19073	5859
765	19107	5837
766	19131	5811
767	19161	5788
768	19181	5761
769	19214	5739
770	19232	5712
771	19250	5685
772	19280	5661
773	19305	5636
774	19327	5611
775	19349	5585
776	19378	5561
777	19404	5537
778	19429	5512
779	19455	5487
780	19475	5461
781	19499	5435
782	19522	5410
783	19539	5383
784	19566	5358
785	19587	5332
786	19611	5307
787	19637	5283
788	19659	5257
789	19686	5233
790	19719	5210
791	19744	5185
792	19769	5160
793	19799	5136
794	19814	5109
795	19842	5085
796	19860	5058
797	19882	5032
798	19904	5007
799	19927	4981
800	19959	4958
801	19980	4932
802	20007	4908
803	20034	4884
804	20058	4858
805	20081	4833
806	20109	4809
807	20132	4783
808	20153	4758
809	20176	4732
810	20194	4706
811	20221	4681
812	20246	4656
813	20262	4630
814	20287	4605
815	20310	4579
816	20327	4553
817	20357	4529
818	20377	4503
819	20400	4478
820	20422	4452
821	20442	4426
822	20466	4401
823	20494	4377
824	20525	4353
825	20543	4327
826	20565	4302
827	20593	4277
828	20613	4252
829	20634	4226
830	20664	4202
831	20693	4178
832	20718	4153
833	20736	4127
834	20766	4103
835	20794	4079
836	20818	4054
837	20839	4028
838	20862	4003
839	20889	3978
840	20909	3953
841	20933	3928
842	20963	3904
843	20992	3880
844	21007	3853
845	21035	3829
846	21055	3803
847	21083	3779
848	21106	3753
849	21129	3728
850	21151	3703
851	21183	3679
852	21210	3655
853	21232	3629
854	21256	3604
855	21284	3580
856	21304	3554
857	21325	3529
858	21358	3505
859	21385	3481
860	21409	3456
861	21438	3432
862	21471	3408
863	21499	3384
864	21523	3359
865	21551	3334
866	21573	3309
867	21597	3284
868	21620	3259
869	21638	3233
870	21666	3208
871	21694	3184
872	21718	3159
873	21750	3135
874	21778	3111
875	21807	3086
876	21830	3061
877	21851	3036
878	21874	3011
879	21901	2986
880	21924	2961
881	21948	2936
882	21977	2912
883	22004	2887
884	22032	2863
885	22045	2836
886	22065	2811
887	22094	2786
888	22119	2761
889	22143	2736
890	22162	2711
891	22188	2686
892	22213	2661
893	22232	2636
894	22257	2611
895	22282	2586
896	22309	2561
897	22329	2536
898	22359	2511
899	22383	2487
900	22400	2461
901	22423	2436
902	22449	2411
903	22469	2386
904	22505	2362
905	22525	2337
906	22551	2312
907	22581	2287
908	22601	2262
909	22622	2237
910	22645	2212
911	22673	2187
912	22693	2162
913	22727	2138
914	22747	2113
915	22782	2089
916	22807	2064
917	22835	2039
918	22856	2014
919	22880	1989
920	22895	1963
921	22924	1939
922	22950	1914
923	22970	1889
924	22999	1864
925	23025	1840
926	23046	1814
927	23062	1789
928	23088	1764
929	23108	1739
930	23127	1714
931	23159	1689
932	23180	1664
933	23198	1639
934	23218	1614
935	23241	1589
936	23258	1563
937	23282	1538
938	23305	1514
939	23328	1489
940	23357	1464
941	23389	1440
942	23410	1415
943	23432	1390
944	23456	1365
945	23478	1340
946	23501	1315
947	23527	1290
948	23550	1265
949	23568	1240
950	23590	1215
951	23611	1190
952	23628	1165
953	23655	1140
954	23679	1115
955	23708	1091
956	23727	1066
957	23744	1040
958	23763	1015
959	23782	990
960	23805	966
961	23833	941
962	23852	916
963	23878	891
964	23901	866
965	23923	842
966	23938	816
967	23956	791
968	23975	767
969	23994	742
970	24022	717
971	24053	692
972	24084	668
973	24103	643
974	24122	618
975	24139	593
976	24155	568
977	24173	543
978	24194	518
979	24211	494
980	24230	469
981	24252	444
982	24276	419
983	24296	395
984	24319	370
985	24335	345
986	24366	320
987	24389	296
988	24421	271
989	24431	246
990	24438	221
991	24449	197
992	24462	172
993	24471	147
994	24480	123
995	24486	98
996	24493	73
997	24499	49
998	24506	24
999	24514	0
